{
  "method": "cbnet",
  "ckpt": "E:\\LQiu\\lab_folder\\Machine_learning\\AGID_Project\\Logs\\cbnet_multigen_main_25k_s42\\ckpt_epoch20.pth",
  "results": {
    "biggan": {
      "n": 4000,
      "acc": 0.611,
      "auc": 0.6917185000000001,
      "ap": 0.6409825291274358,
      "real_acc": 0.222,
      "fake_acc": 1.0
    },
    "deepfake": {
      "n": 5405,
      "acc": 0.8223866790009251,
      "auc": 0.9342863120433174,
      "ap": 0.9457139773368997,
      "real_acc": 0.7029922423346878,
      "fake_acc": 0.9421793921423276
    },
    "gaugan": {
      "n": 10000,
      "acc": 0.5482,
      "auc": 0.6566097399999999,
      "ap": 0.581888441621826,
      "real_acc": 0.0972,
      "fake_acc": 0.9992
    },
    "stargan": {
      "n": 3998,
      "acc": 0.964232116058029,
      "auc": 0.9987503756880941,
      "ap": 0.996989568877271,
      "real_acc": 0.928464232116058,
      "fake_acc": 1.0
    }
  }
}