{
  "method": "cbnet",
  "ckpt": "E:\\LQiu\\lab_folder\\Machine_learning\\AGID_Project\\Code\\Logs\\debug_run_20k_s42\\ckpt_epoch4.pth",
  "results": {
    "biggan": {
      "n": 4000,
      "acc": 0.49425,
      "auc": 0.4842895,
      "ap": 0.47692026845887114,
      "real_acc": 0.976,
      "fake_acc": 0.0125
    },
    "deepfake": {
      "n": 5405,
      "acc": 0.596299722479186,
      "auc": 0.6251156639445875,
      "ap": 0.6117247804414889,
      "real_acc": 0.6058367196158109,
      "fake_acc": 0.5867309117865085
    },
    "gaugan": {
      "n": 10000,
      "acc": 0.4975,
      "auc": 0.53535732,
      "ap": 0.5032120141457613,
      "real_acc": 0.989,
      "fake_acc": 0.006
    },
    "stargan": {
      "n": 3998,
      "acc": 0.5002501250625313,
      "auc": 0.4666713046368106,
      "ap": 0.5154402973058598,
      "real_acc": 0.9989994997498749,
      "fake_acc": 0.0015007503751875938
    }
  }
}