{
  "method": "npr",
  "ckpt": "E:\\LQiu\\lab_folder\\Machine_learning\\AGID_Project\\Code\\external\\NPR-DeepfakeDetection\\NPR.pth",
  "results": {
    "biggan": {
      "n": 4000,
      "acc": 0.81125,
      "auc": 0.8985449999999999,
      "ap": 0.8520571627178974,
      "real_acc": 0.664,
      "fake_acc": 0.9585
    },
    "deepfake": {
      "n": 5405,
      "acc": 0.7798334875115633,
      "auc": 0.8770804106422604,
      "ap": 0.8279692306229643,
      "real_acc": 0.6106390838566679,
      "fake_acc": 0.949592290585619
    },
    "gaugan": {
      "n": 10000,
      "acc": 0.8086,
      "auc": 0.9007278000000001,
      "ap": 0.8502169058909825,
      "real_acc": 0.635,
      "fake_acc": 0.9822
    },
    "stargan": {
      "n": 3998,
      "acc": 0.7836418209104552,
      "auc": 0.8998085836314855,
      "ap": 0.8867142811963106,
      "real_acc": 0.897448724362181,
      "fake_acc": 0.6698349174587294
    }
  }
}