,bitplane_lsb,freq_radial,color_manifold,hf_noise,jpeg_quant,texture_geometry
bitplane_lsb,1.0,0.4184294071529167,0.5880079447998086,-0.17071055921804348,-0.5676022661924282,-0.10728310188430099
freq_radial,0.41842940715291665,0.9999999999999999,0.4546254280445422,-0.23255003013631512,-0.8012685337757852,0.24247705075550852
color_manifold,0.5880079447998087,0.4546254280445422,1.0,-0.23349273638787638,-0.6002665829344017,-0.10347120969817139
hf_noise,-0.17071055921804348,-0.23255003013631512,-0.23349273638787638,1.0,0.4088887901909016,0.48717092934681266
jpeg_quant,-0.5676022661924282,-0.8012685337757852,-0.6002665829344017,0.4088887901909016,1.0,0.029832871762394273
texture_geometry,-0.10728310188430097,0.24247705075550854,-0.1034712096981714,0.4871709293468126,0.029832871762394273,1.0
