,bitplane_lsb,freq_radial,color_manifold,hf_noise,jpeg_quant,texture_geometry
bitplane_lsb,1.0,0.5639513553775564,0.5630492917629449,0.052957942104587555,-0.6790259279283167,0.17441220510769712
freq_radial,0.5639513553775564,1.0,0.5094694608996414,-0.11428193127812164,-0.7549324393960114,0.2591769195298114
color_manifold,0.563049291762945,0.5094694608996415,1.0,-0.16720143939230817,-0.6608349637712819,-0.011530028299056333
hf_noise,0.052957942104587555,-0.11428193127812164,-0.16720143939230817,1.0,0.36144767760660246,0.615155298823361
jpeg_quant,-0.6790259279283167,-0.7549324393960113,-0.6608349637712819,0.36144767760660246,1.0,0.07279140936532497
texture_geometry,0.17441220510769712,0.2591769195298114,-0.011530028299056333,0.6151552988233608,0.07279140936532497,1.0
