{
  "ADM": {
    "n": 2000,
    "brier": 0.0009224879601669225,
    "nll": 0.005729292387971986,
    "ece": 0.002918611856595853
  },
  "BigGAN": {
    "n": 2000,
    "brier": 0.00110754868114911,
    "nll": 0.005383166624458133,
    "ece": 0.0025640980885437174
  },
  "GLIDE": {
    "n": 2000,
    "brier": 0.0014431268535382393,
    "nll": 0.005415522468396421,
    "ece": 0.003389862769447078
  },
  "Midjourney": {
    "n": 2000,
    "brier": 0.002413194251635227,
    "nll": 0.012190353848847809,
    "ece": 0.00223284400629563
  },
  "Stable_Diffusion_v1.4": {
    "n": 2000,
    "brier": 0.001237146419613729,
    "nll": 0.006513723263420035,
    "ece": 0.004721086525390967
  },
  "VQDM": {
    "n": 2000,
    "brier": 0.0018826530152725577,
    "nll": 0.007530594978123971,
    "ece": 0.004283748982470584
  },
  "Wukong": {
    "n": 2000,
    "brier": 0.004239771805111145,
    "nll": 0.016950832320496444,
    "ece": 0.006533275979036241
  },
  "__ALL__": {
    "n": 14000,
    "brier": 0.001892275569498133,
    "nll": 0.008530497984530686,
    "ece": 0.003351920401360449
  }
}