{
  "config": {
    "root": "E:\\LQiu\\lab_folder\\Machine_learning\\AGID_Project\\Data\\GenImage",
    "out": "E:\\LQiu\\lab_folder\\Machine_learning\\AGID_Project\\Code\\Results\\edelta\\gate1_label_sanity.json",
    "n_per_class": 120,
    "center_crop": 256,
    "q_sweep": [
      96,
      90,
      75,
      50,
      30
    ],
    "seed": 42
  },
  "conditions": [
    "raw",
    "q96",
    "q90",
    "q75",
    "q50",
    "q30"
  ],
  "concepts": [
    "jpeg_quant",
    "freq_radial",
    "bitplane_lsb",
    "hf_noise",
    "texture_geometry"
  ],
  "pooled_cohens_d": {
    "raw": {
      "jpeg_quant": -0.6782026588063258,
      "freq_radial": 0.8547909035891524,
      "bitplane_lsb": 0.3224666172670936,
      "hf_noise": -0.47314047538611137,
      "texture_geometry": -0.019970809635925745
    },
    "q96": {
      "jpeg_quant": -0.6517892883949808,
      "freq_radial": 0.8482005868530963,
      "bitplane_lsb": 0.3548746477019007,
      "hf_noise": -0.4718399019684002,
      "texture_geometry": -0.02121546122650628
    },
    "q90": {
      "jpeg_quant": -0.6437629057318836,
      "freq_radial": 0.8479280733316885,
      "bitplane_lsb": 0.42169613080875645,
      "hf_noise": -0.47044918801022334,
      "texture_geometry": -0.02087093509674527
    },
    "q75": {
      "jpeg_quant": -0.6649172755887512,
      "freq_radial": 0.8722691161602986,
      "bitplane_lsb": 0.4127567429399511,
      "hf_noise": -0.4813496850654495,
      "texture_geometry": -0.03132015109402256
    },
    "q50": {
      "jpeg_quant": -0.6327234149982522,
      "freq_radial": 0.8738639834973697,
      "bitplane_lsb": 0.3161063624219496,
      "hf_noise": -0.48953820805573584,
      "texture_geometry": -0.049076656880548464
    },
    "q30": {
      "jpeg_quant": -0.5750981262773603,
      "freq_radial": 0.8719394922342367,
      "bitplane_lsb": 0.14815982670761715,
      "hf_noise": -0.45311540533330863,
      "texture_geometry": -0.06577151257427241
    }
  },
  "per_generator_jpeg_quant_d": {
    "Stable_Diffusion_v1.4": {
      "raw": 0.09840131205917552,
      "q96": 0.11680375385286725,
      "q90": 0.1336770398873569,
      "q75": 0.1403946158015728,
      "q50": 0.1781243307214806,
      "q30": 0.23816413071784484
    },
    "BigGAN": {
      "raw": -1.6480425203084894,
      "q96": -1.6067351562297558,
      "q90": -1.6272235299432474,
      "q75": -1.7786448307963716,
      "q50": -1.854108556752633,
      "q30": -1.8712269934029164
    },
    "ADM": {
      "raw": -0.8252349145647507,
      "q96": -0.7617225133404906,
      "q90": -0.7397292782887764,
      "q75": -0.7980326502358649,
      "q50": -0.79306533388133,
      "q30": -0.773965502594343
    },
    "Midjourney": {
      "raw": -0.7667680830818808,
      "q96": -0.7616814411478698,
      "q90": -0.7541939134564625,
      "q75": -0.7158371609793318,
      "q50": -0.6107563208816589,
      "q30": -0.4714690931261959
    }
  },
  "jpeg_quant_d_by_condition": {
    "raw": -0.6782026588063258,
    "q96": -0.6517892883949808,
    "q90": -0.6437629057318836,
    "q75": -0.6649172755887512,
    "q50": -0.6327234149982522,
    "q30": -0.5750981262773603
  },
  "collapse_q_threshold0.3": null,
  "interpretation": "CONTENT-BASED (survives all q \u2192 not a container detector)"
}