{
  "variant": "res128",
  "ckpt": "E:\\LQiu\\lab_folder\\Machine_learning\\AGID_Project\\Logs\\cbnet_multigen_main_25k_s42\\ckpt_epoch20.pth",
  "n_per_class": 1000,
  "seed": 0,
  "results": {
    "Stable_Diffusion_v1.4": {
      "name": "Stable_Diffusion_v1.4",
      "n": 2000,
      "acc": 0.5425,
      "auc": 0.6688440000000001,
      "real_acc": 0.085,
      "fake_acc": 1.0,
      "concept_means": {
        "bitplane_lsb": 0.29001855850219727,
        "freq_radial": 0.73417067527771,
        "color_manifold": 0.3729216456413269,
        "hf_noise": 0.19777560234069824,
        "jpeg_quant": 0.259336918592453,
        "texture_geometry": 0.37089696526527405
      }
    },
    "BigGAN": {
      "name": "BigGAN",
      "n": 2000,
      "acc": 0.57,
      "auc": 0.7102089999999999,
      "real_acc": 0.14,
      "fake_acc": 1.0,
      "concept_means": {
        "bitplane_lsb": 0.2828289270401001,
        "freq_radial": 0.7150633931159973,
        "color_manifold": 0.40063393115997314,
        "hf_noise": 0.1924860179424286,
        "jpeg_quant": 0.26212427020072937,
        "texture_geometry": 0.3624517321586609
      }
    },
    "ADM": {
      "name": "ADM",
      "n": 2000,
      "acc": 0.559,
      "auc": 0.740016,
      "real_acc": 0.118,
      "fake_acc": 1.0,
      "concept_means": {
        "bitplane_lsb": 0.3205886781215668,
        "freq_radial": 0.7069025635719299,
        "color_manifold": 0.39841094613075256,
        "hf_noise": 0.18989241123199463,
        "jpeg_quant": 0.24797670543193817,
        "texture_geometry": 0.35807833075523376
      }
    },
    "Midjourney": {
      "name": "Midjourney",
      "n": 2000,
      "acc": 0.5645,
      "auc": 0.7722345,
      "real_acc": 0.13,
      "fake_acc": 0.999,
      "concept_means": {
        "bitplane_lsb": 0.3554033935070038,
        "freq_radial": 0.6998271346092224,
        "color_manifold": 0.38916879892349243,
        "hf_noise": 0.18862362205982208,
        "jpeg_quant": 0.2523822486400604,
        "texture_geometry": 0.34306883811950684
      }
    },
    "GLIDE": {
      "name": "GLIDE",
      "n": 2000,
      "acc": 0.5405,
      "auc": 0.9466794999999999,
      "real_acc": 0.081,
      "fake_acc": 1.0,
      "concept_means": {
        "bitplane_lsb": 0.48119285702705383,
        "freq_radial": 0.6705049872398376,
        "color_manifold": 0.5515521168708801,
        "hf_noise": 0.18372827768325806,
        "jpeg_quant": 0.22407010197639465,
        "texture_geometry": 0.31025147438049316
      }
    },
    "Wukong": {
      "name": "Wukong",
      "n": 2000,
      "acc": 0.5405,
      "auc": 0.6784410000000001,
      "real_acc": 0.081,
      "fake_acc": 1.0,
      "concept_means": {
        "bitplane_lsb": 0.298245370388031,
        "freq_radial": 0.7290202379226685,
        "color_manifold": 0.3665107488632202,
        "hf_noise": 0.1969231516122818,
        "jpeg_quant": 0.25691723823547363,
        "texture_geometry": 0.3805997371673584
      }
    },
    "VQDM": {
      "name": "VQDM",
      "n": 2000,
      "acc": 0.5405,
      "auc": 0.873764,
      "real_acc": 0.081,
      "fake_acc": 1.0,
      "concept_means": {
        "bitplane_lsb": 0.3747875988483429,
        "freq_radial": 0.6808695793151855,
        "color_manifold": 0.5235607624053955,
        "hf_noise": 0.18674078583717346,
        "jpeg_quant": 0.22972755134105682,
        "texture_geometry": 0.3332016170024872
      }
    }
  },
  "mean_acc": 0.5510714285714284,
  "mean_auc": 0.7700268571428571
}